Timestamp	Question	Model	LLM_time	SQL_time	Rows	Columns	Rows_equality	Columns_equality	Datasets_equality	Total_tokens	Prompt_tokens	Completion_tokens	Cost_total_EUR	Cost_input_tokens_EUR	Cost_output_tokens_EUR
2025-07-05 14:14:11	1	DeepSeek-V3-0324	3.0	0.4	24	4	1.0	1.0	1.0	2020	1893	127	0.002737	0.002158	0.000579
2025-07-05 14:14:14	2	DeepSeek-V3-0324	2.8	0.0	5	4	1.0	1.0	1.0	1922	1802	120	0.002601	0.002054	0.000547
2025-07-05 14:14:37	3	DeepSeek-V3-0324	1.9	20.9	5	3	1.0	1.0	1.0	2175	2099	76	0.002739	0.002393	0.000347
2025-07-05 14:14:45	4	DeepSeek-V3-0324	5.1	3.4	15	4	1.0	1.0	1.0	2660	2435	225	0.003802	0.002776	0.001026
2025-07-05 14:14:50	5	DeepSeek-V3-0324	4.0	0.7	648	4	1.0	0.75	0.0	2686	2458	228	0.003842	0.002802	0.00104
2025-07-05 14:14:53	6	DeepSeek-V3-0324	3.1	0.1	10	3	1.0	1.0	1.0	2144	1978	166	0.003012	0.002255	0.000757
2025-07-05 14:14:55	7	DeepSeek-V3-0324	1.9	0.1	7	3	1.0	0.67	0.0	1914	1828	86	0.002476	0.002084	0.000392
2025-07-05 14:14:58	8	DeepSeek-V3-0324	2.6	0.1	3	4	1.0	1.0	1.0	2080	1952	128	0.002809	0.002225	0.000584
2025-07-05 14:15:04	9	DeepSeek-V3-0324	6.2	0.1	6	3	1.0	1.0	1.0	2142	1997	145	0.002938	0.002277	0.000661
2025-07-05 14:15:09	10	DeepSeek-V3-0324	2.2	0.8	255868	4	1.0	1.0	1.0	2024	1911	113	0.002694	0.002179	0.000515
2025-07-05 14:15:54	11	DeepSeek-V3-0324	1.8	43.1	15	4	1.0	0.0	0.0	2205	2117	88	0.002815	0.002413	0.000401
2025-07-05 14:15:59	12	DeepSeek-V3-0324	4.5	0.3	3	2	1.0	1.0	1.0	1867	1801	66	0.002354	0.002053	0.000301
2025-07-05 14:16:11	13	DeepSeek-V3-0324	4.6	1.3	758246	4	1.0	1.0	1.0	2129	1915	214	0.003159	0.002183	0.000976
2025-07-05 14:16:14	14	DeepSeek-V3-0324	2.8	0.1	12	3	1.0	1.0	1.0	2123	1984	139	0.002896	0.002262	0.000634
2025-07-05 14:16:59	15	DeepSeek-V3-0324	45.2	0.1	4	13	1.0	1.0	1.0	2211	1805	406	0.003909	0.002058	0.001851
2025-07-05 14:17:05	16	DeepSeek-V3-0324	5.8	0.0	0	0	0.0	0.0	0.0	2329	1995	334	0.003797	0.002274	0.001523
2025-07-05 14:17:09	17	DeepSeek-V3-0324	4.1	0.2	24	6	1.0	0.83	0.0	2298	2041	257	0.003499	0.002327	0.001172
2025-07-05 14:17:13	18	DeepSeek-V3-0324	3.1	0.5	175	6	1.0	1.0	1.0	2200	2007	193	0.003168	0.002288	0.00088
2025-07-05 14:17:20	19	DeepSeek-V3-0324	3.6	3.1	107	5	0.99	0.71	0.0	2677	2476	201	0.003739	0.002823	0.000917
2025-07-05 14:17:26	20	DeepSeek-V3-0324	4.8	0.9	4050	5	1.0	1.0	1.0	2638	2465	173	0.003599	0.00281	0.000789
2025-07-05 14:17:28	1	gpt-4o	2.3	0.2	24	4	1.0	1.0	1.0	1948	1823	125	0.005808	0.004558	0.00125
2025-07-05 14:17:30	2	gpt-4o	2.1	0.0	5	4	1.0	1.0	1.0	1837	1732	105	0.00538	0.00433	0.00105
2025-07-05 14:17:53	3	gpt-4o	1.3	21.8	5	3	1.0	1.0	1.0	2087	2016	71	0.00575	0.00504	0.00071
2025-07-05 14:17:59	4	gpt-4o	2.3	3.8	15	4	1.0	1.0	1.0	2551	2344	207	0.00793	0.00586	0.00207
2025-07-05 14:18:03	5	gpt-4o	3.0	0.5	942	4	0.0	0.25	0.0	2562	2364	198	0.00789	0.00591	0.00198
2025-07-05 14:18:06	6	gpt-4o	2.5	0.1	10	3	1.0	1.0	1.0	2052	1903	149	0.006248	0.004758	0.00149
2025-07-05 14:18:07	7	gpt-4o	1.5	0.1	7	3	1.0	0.67	0.0	1842	1761	81	0.005213	0.004403	0.00081
2025-07-05 14:18:09	8	gpt-4o	2.2	0.2	3	4	1.0	1.0	1.0	1999	1881	118	0.005883	0.004703	0.00118
2025-07-05 14:18:12	9	gpt-4o	2.1	0.1	6	3	1.0	1.0	1.0	2059	1922	137	0.006175	0.004805	0.00137
2025-07-05 14:18:16	10	gpt-4o	2.1	0.9	255868	4	1.0	1.0	1.0	1951	1842	109	0.005695	0.004605	0.00109
2025-07-05 14:18:21	11	gpt-4o	1.2	2.9	15	2	1.0	1.0	1.0	2095	2034	61	0.005695	0.005085	0.00061
2025-07-05 14:18:22	12	gpt-4o	1.3	0.1	3	2	1.0	1.0	1.0	1805	1734	71	0.005045	0.004335	0.00071
2025-07-05 14:18:33	13	gpt-4o	3.1	1.4	758246	4	1.0	1.0	1.0	2054	1846	208	0.006695	0.004615	0.00208
2025-07-05 14:18:35	14	gpt-4o	1.6	0.1	12	3	1.0	1.0	1.0	2043	1909	134	0.006113	0.004773	0.00134
2025-07-05 14:18:39	15	gpt-4o	4.1	0.1	4	13	1.0	1.0	1.0	2120	1738	382	0.008165	0.004345	0.00382
2025-07-05 14:18:44	16	gpt-4o	5.2	0.0	0	0	0.0	0.0	0.0	2329	1923	406	0.008868	0.004808	0.00406
2025-07-05 14:18:48	17	gpt-4o	3.9	0.2	24	6	1.0	0.83	0.0	2245	1966	279	0.007705	0.004915	0.00279
2025-07-05 14:18:52	18	gpt-4o	3.1	0.5	175	6	1.0	1.0	1.0	2120	1933	187	0.006703	0.004832	0.00187
2025-07-05 14:19:00	19	gpt-4o	3.0	5.0	109	7	0.0	0.57	0.0	2670	2383	287	0.008828	0.005958	0.00287
2025-07-05 14:19:02	20	gpt-4o	2.5	0.0	0	0	0.0	0.0	0.0	2548	2372	176	0.00769	0.00593	0.00176
2025-07-05 14:19:04	1	gpt-4o-mini	1.8	0.2	24	4	1.0	1.0	1.0	1948	1823	125	0.000348	0.000273	7.5e-05
2025-07-05 14:19:06	2	gpt-4o-mini	1.9	0.0	5	4	1.0	1.0	1.0	1835	1732	103	0.000322	0.00026	6.2e-05
2025-07-05 14:19:31	3	gpt-4o-mini	1.4	23.4	5	3	1.0	1.0	1.0	2087	2016	71	0.000345	0.000302	4.3e-05
2025-07-05 14:19:33	4	gpt-4o-mini	2.0	0.1	0	4	0.0	1.0	0.0	2519	2344	175	0.000457	0.000352	0.000105
2025-07-05 14:19:36	5	gpt-4o-mini	2.5	0.5	942	4	0.0	0.25	0.0	2566	2364	202	0.000476	0.000355	0.000121
2025-07-05 14:19:39	6	gpt-4o-mini	2.0	0.1	10	3	1.0	1.0	1.0	2053	1903	150	0.000375	0.000285	9e-05
2025-07-05 14:19:40	7	gpt-4o-mini	1.4	0.1	7	3	1.0	0.67	0.0	1842	1761	81	0.000313	0.000264	4.9e-05
2025-07-05 14:19:42	8	gpt-4o-mini	1.4	0.2	3	4	1.0	1.0	1.0	1999	1881	118	0.000353	0.000282	7.1e-05
2025-07-05 14:19:44	9	gpt-4o-mini	2.0	0.1	1	3	0.17	0.0	0.0	2086	1922	164	0.000387	0.000288	9.8e-05
2025-07-05 14:19:48	10	gpt-4o-mini	1.4	0.9	255868	4	1.0	1.0	1.0	1943	1842	101	0.000337	0.000276	6.1e-05
2025-07-05 14:19:52	11	gpt-4o-mini	1.3	3.0	15	2	1.0	1.0	1.0	2095	2034	61	0.000342	0.000305	3.7e-05
2025-07-05 14:19:54	12	gpt-4o-mini	1.4	0.1	3	2	1.0	1.0	1.0	1799	1734	65	0.000299	0.00026	3.9e-05
2025-07-05 14:20:02	13	gpt-4o-mini	2.1	1.0	758246	4	1.0	1.0	1.0	2042	1846	196	0.000394	0.000277	0.000118
2025-07-05 14:20:04	14	gpt-4o-mini	1.8	0.1	0	3	0.0	1.0	0.0	2016	1909	107	0.000351	0.000286	6.4e-05
2025-07-05 14:20:07	15	gpt-4o-mini	3.1	0.1	4	13	1.0	1.0	1.0	2095	1738	357	0.000475	0.000261	0.000214
2025-07-05 14:20:10	16	gpt-4o-mini	3.0	0.0	0	0	0.0	0.0	0.0	2287	1923	364	0.000507	0.000288	0.000218
2025-07-05 14:20:13	17	gpt-4o-mini	2.4	0.2	24	5	1.0	0.67	0.0	2180	1966	214	0.000423	0.000295	0.000128
2025-07-05 14:20:16	18	gpt-4o-mini	2.5	0.6	175	6	1.0	1.0	1.0	2114	1933	181	0.000399	0.00029	0.000109
2025-07-05 14:20:19	19	gpt-4o-mini	2.5	0.0	0	0	0.0	0.0	0.0	2604	2383	221	0.00049	0.000357	0.000133
2025-07-05 14:20:21	20	gpt-4o-mini	1.9	0.0	0	0	0.0	0.0	0.0	2528	2372	156	0.000449	0.000356	9.4e-05
2025-07-05 14:20:25	1	grok-3	3.7	0.2	24	4	1.0	1.0	1.0	1923	1800	123	0.007245	0.0054	0.001845
2025-07-05 14:20:28	2	grok-3	3.5	0.0	5	4	1.0	1.0	1.0	1815	1710	105	0.006705	0.00513	0.001575
2025-07-05 14:36:57	3	grok-3	2.1	986.4	5	3	1.0	1.0	1.0	2059	1988	71	0.007029	0.005964	0.001065
2025-07-05 14:37:05	4	grok-3	4.0	4.3	15	4	1.0	1.0	1.0	2531	2315	216	0.010185	0.006945	0.00324
2025-07-05 14:37:10	5	grok-3	3.9	0.5	942	4	0.0	0.0	0.0	2527	2333	194	0.009909	0.006999	0.00291
2025-07-05 14:37:12	6	grok-3	2.6	0.1	10	3	1.0	1.0	1.0	2025	1878	147	0.007839	0.005634	0.002205
2025-07-05 14:37:14	7	grok-3	2.0	0.1	7	3	1.0	0.67	0.0	1825	1738	87	0.006519	0.005214	0.001305
2025-07-05 14:37:17	8	grok-3	2.2	0.3	3	4	1.0	1.0	1.0	1973	1858	115	0.007299	0.005574	0.001725
2025-07-05 14:37:20	9	grok-3	2.6	0.1	6	3	1.0	1.0	1.0	2040	1898	142	0.007824	0.005694	0.00213
2025-07-05 14:37:26	10	grok-3	2.5	1.6	255868	4	1.0	1.0	1.0	1927	1819	108	0.007077	0.005457	0.00162
2025-07-05 14:37:31	11	grok-3	1.9	3.5	15	2	1.0	1.0	1.0	2067	2006	61	0.006933	0.006018	0.000915
2025-07-05 14:37:33	12	grok-3	1.9	0.1	3	2	1.0	1.0	1.0	1782	1711	71	0.006198	0.005133	0.001065
2025-07-05 14:37:45	13	grok-3	4.9	1.3	758246	4	1.0	1.0	1.0	2023	1823	200	0.008469	0.005469	0.003
2025-07-05 14:37:49	14	grok-3	3.9	0.1	12	3	1.0	1.0	1.0	2037	1885	152	0.007935	0.005655	0.00228
2025-07-05 14:37:56	15	grok-3	6.4	0.1	4	13	1.0	1.0	1.0	2114	1715	399	0.01113	0.005145	0.005985
2025-07-05 14:38:05	16	grok-3	8.8	0.0	0	0	0.0	0.0	0.0	2288	1900	388	0.01152	0.0057	0.00582
2025-07-05 14:38:10	17	grok-3	4.7	0.2	24	6	1.0	0.83	0.0	2206	1941	265	0.009798	0.005823	0.003975
2025-07-05 14:38:13	18	grok-3	3.1	0.5	175	6	1.0	0.83	0.0	2095	1910	185	0.008505	0.00573	0.002775
2025-07-05 14:38:24	19	grok-3	5.2	5.3	108	7	1.0	1.0	1.0	2638	2353	285	0.011334	0.007059	0.004275
2025-07-05 14:38:29	20	grok-3	3.8	1.4	4050	5	1.0	1.0	1.0	2531	2343	188	0.009849	0.007029	0.00282
2025-07-05 14:38:37	1	grok-3-mini	7.5	0.3	24	4	1.0	1.0	1.0	2920	1801	125	0.000609	0.00045	0.000159
2025-07-05 14:38:59	2	grok-3-mini	21.6	0.1	5	4	1.0	1.0	1.0	4729	1711	114	0.000573	0.000428	0.000145
2025-07-05 14:39:31	3	grok-3-mini	7.8	24.7	5	3	1.0	1.0	1.0	3320	1989	79	0.000598	0.000497	0.0001
2025-07-05 14:40:13	4	grok-3-mini	38.3	3.7	15	4	1.0	1.0	1.0	9012	2316	272	0.000924	0.000579	0.000345
2025-07-05 14:40:43	5	grok-3-mini	28.5	0.9	648	3	1.0	0.5	0.0	7156	2334	202	0.00084	0.000583	0.000257
2025-07-05 14:40:52	6	grok-3-mini	9.0	0.1	10	3	1.0	1.0	1.0	3369	1879	158	0.00067	0.00047	0.000201
2025-07-05 14:40:59	7	grok-3-mini	7.8	0.0	0	0	0.0	0.0	0.0	3054	1739	76	0.000531	0.000435	9.7e-05
2025-07-05 14:41:09	8	grok-3-mini	9.5	0.2	3	4	1.0	1.0	1.0	3521	1859	114	0.00061	0.000465	0.000145
2025-07-05 14:41:25	9	grok-3-mini	15.9	0.1	6	3	1.0	1.0	1.0	4748	1899	148	0.000663	0.000475	0.000188
2025-07-05 14:41:40	10	grok-3-mini	11.2	1.3	255868	4	1.0	1.0	1.0	3788	1820	112	0.000597	0.000455	0.000142
2025-07-05 14:41:53	11	grok-3-mini	11.3	2.5	15	2	1.0	1.0	1.0	3602	2007	65	0.000584	0.000502	8.3e-05
2025-07-05 14:42:03	12	grok-3-mini	9.3	0.1	3	2	1.0	1.0	1.0	3331	1712	75	0.000523	0.000428	9.5e-05
2025-07-05 14:42:21	13	grok-3-mini	8.7	3.7	758246	4	1.0	1.0	1.0	2945	1824	188	0.000695	0.000456	0.000239
2025-07-05 14:42:44	14	grok-3-mini	22.5	0.1	12	3	1.0	1.0	1.0	5383	1886	137	0.000645	0.000471	0.000174
2025-07-05 14:43:01	15	grok-3-mini	17.6	0.1	4	13	1.0	1.0	1.0	4543	1716	355	0.00088	0.000429	0.000451
2025-07-05 14:43:41	16	grok-3-mini	39.1	0.5	20	6	1.0	1.0	1.0	8074	1901	345	0.000913	0.000475	0.000438
2025-07-05 14:44:05	17	grok-3-mini	24.1	0.2	24	6	1.0	0.83	0.0	5454	1942	272	0.000831	0.000485	0.000345
2025-07-05 14:44:31	18	grok-3-mini	24.9	0.5	175	6	1.0	0.83	0.0	5947	1911	223	0.000761	0.000478	0.000283
2025-07-05 14:44:53	19	grok-3-mini	17.0	5.0	105	7	0.97	1.0	0.96	5279	2354	257	0.000915	0.000588	0.000326
2025-07-05 14:45:37	20	grok-3-mini	42.8	1.6	4050	5	1.0	0.6	0.0	10014	2344	221	0.000867	0.000586	0.000281
2025-07-05 14:45:43	1	Phi-3-medium-128k-instruct	6.1	0.0	0	0	0.0	0.0	0.0	361	39	322	0.000199	6e-06	0.000193
2025-07-05 14:45:48	2	Phi-3-medium-128k-instruct	4.3	0.0	0	0	0.0	0.0	0.0	254	35	219	0.000137	5e-06	0.000131
2025-07-05 14:45:51	3	Phi-3-medium-128k-instruct	3.3	0.0	0	0	0.0	0.0	0.0	185	27	158	9.9e-05	4e-06	9.5e-05
2025-07-05 14:45:59	4	Phi-3-medium-128k-instruct	8.4	0.0	0	0	0.0	0.0	0.0	511	50	461	0.000284	7e-06	0.000277
2025-07-05 14:46:06	5	Phi-3-medium-128k-instruct	6.7	0.0	0	0	0.0	0.0	0.0	431	67	364	0.000228	1e-05	0.000218
2025-07-05 14:46:12	6	Phi-3-medium-128k-instruct	6.1	0.0	0	0	0.0	0.0	0.0	405	80	325	0.000207	1.2e-05	0.000195
2025-07-05 14:46:19	7	Phi-3-medium-128k-instruct	7.0	0.0	0	0	0.0	0.0	0.0	464	81	383	0.000242	1.2e-05	0.00023
2025-07-05 14:46:24	8	Phi-3-medium-128k-instruct	4.3	0.0	0	0	0.0	0.0	0.0	273	47	226	0.000143	7e-06	0.000136
2025-07-05 14:46:35	9	Phi-3-medium-128k-instruct	10.8	0.0	0	0	0.0	0.0	0.0	657	51	606	0.000371	8e-06	0.000364
2025-07-05 14:46:42	10	Phi-3-medium-128k-instruct	7.0	0.0	0	0	0.0	0.0	0.0	434	57	377	0.000235	9e-06	0.000226
2025-07-05 14:46:46	11	Phi-3-medium-128k-instruct	4.7	0.0	0	0	0.0	0.0	0.0	295	47	248	0.000156	7e-06	0.000149
2025-07-05 14:46:51	12	Phi-3-medium-128k-instruct	5.0	0.0	0	0	0.0	0.0	0.0	316	51	265	0.000167	8e-06	0.000159
2025-07-05 14:46:59	13	Phi-3-medium-128k-instruct	7.2	0.0	0	0	0.0	0.0	0.0	460	67	393	0.000246	1e-05	0.000236
2025-07-05 14:47:04	14	Phi-3-medium-128k-instruct	5.4	0.0	0	0	0.0	0.0	0.0	331	40	291	0.000181	6e-06	0.000175
2025-07-05 14:47:10	15	Phi-3-medium-128k-instruct	6.2	0.0	0	0	0.0	0.0	0.0	391	55	336	0.00021	8e-06	0.000202
2025-07-05 14:47:20	16	Phi-3-medium-128k-instruct	9.6	0.0	0	0	0.0	0.0	0.0	628	99	529	0.000332	1.5e-05	0.000317
2025-07-05 14:47:29	17	Phi-3-medium-128k-instruct	8.9	0.0	0	0	0.0	0.0	0.0	598	104	494	0.000312	1.6e-05	0.000296
2025-07-05 15:16:39	18	Phi-3-medium-128k-instruct	1750.2	0.0	0	0	0.0	0.0	0.0	490	62	428	0.000266	9e-06	0.000257
2025-07-05 15:16:47	19	Phi-3-medium-128k-instruct	8.0	0.0	0	0	0.0	0.0	0.0	469	69	400	0.00025	1e-05	0.00024
2025-07-05 15:16:55	20	Phi-3-medium-128k-instruct	8.1	0.0	0	0	0.0	0.0	0.0	524	81	443	0.000278	1.2e-05	0.000266
2025-07-05 15:16:57	1	gpt-4.1	1.3	0.3	24	4	1.0	1.0	1.0	1936	1823	113	0.00455	0.003646	0.000904
2025-07-05 15:16:58	2	gpt-4.1	1.3	0.1	5	4	1.0	1.0	1.0	1837	1732	105	0.004304	0.003464	0.00084
2025-07-05 15:17:29	3	gpt-4.1	1.0	29.9	5	3	1.0	1.0	1.0	2087	2016	71	0.0046	0.004032	0.000568
2025-07-05 15:17:37	4	gpt-4.1	2.8	4.7	15	4	1.0	1.0	1.0	2644	2344	300	0.007088	0.004688	0.0024
2025-07-05 15:17:40	5	gpt-4.1	2.0	1.2	648	4	1.0	0.75	0.0	2569	2364	205	0.006368	0.004728	0.00164
2025-07-05 15:17:41	6	gpt-4.1	1.3	0.1	10	3	1.0	1.0	1.0	2051	1903	148	0.00499	0.003806	0.001184
2025-07-05 15:17:43	7	gpt-4.1	1.2	0.1	7	3	1.0	0.67	0.0	1842	1761	81	0.00417	0.003522	0.000648
2025-07-05 15:17:44	8	gpt-4.1	1.4	0.2	3	4	1.0	1.0	1.0	1999	1881	118	0.004706	0.003762	0.000944
2025-07-05 15:17:46	9	gpt-4.1	1.3	0.1	6	3	1.0	1.0	1.0	2059	1922	137	0.00494	0.003844	0.001096
2025-07-05 15:17:50	10	gpt-4.1	1.3	1.6	255868	4	1.0	0.75	0.0	1952	1842	110	0.004564	0.003684	0.00088
2025-07-05 15:17:54	11	gpt-4.1	1.2	3.0	15	2	1.0	1.0	1.0	2091	2034	57	0.004524	0.004068	0.000456
2025-07-05 15:17:55	12	gpt-4.1	1.0	0.1	3	2	1.0	1.0	1.0	1795	1734	61	0.003956	0.003468	0.000488
2025-07-05 15:18:05	13	gpt-4.1	1.9	2.1	758246	4	1.0	1.0	1.0	2053	1846	207	0.005348	0.003692	0.001656
2025-07-05 15:18:07	14	gpt-4.1	1.3	0.1	12	3	1.0	1.0	1.0	2043	1909	134	0.00489	0.003818	0.001072
2025-07-05 15:18:09	15	gpt-4.1	2.4	0.1	4	13	1.0	1.0	1.0	2143	1738	405	0.006716	0.003476	0.00324
2025-07-05 15:18:12	16	gpt-4.1	2.5	0.5	20	6	1.0	1.0	1.0	2244	1923	321	0.006414	0.003846	0.002568
2025-07-05 15:18:15	17	gpt-4.1	2.8	0.2	24	6	1.0	0.67	0.0	2254	1966	288	0.006236	0.003932	0.002304
2025-07-05 15:18:18	18	gpt-4.1	1.8	0.5	175	6	1.0	1.0	1.0	2120	1933	187	0.005362	0.003866	0.001496
2025-07-05 15:18:27	19	gpt-4.1	2.9	6.7	105	6	0.97	0.71	0.0	2679	2383	296	0.007134	0.004766	0.002368
2025-07-05 15:18:29	20	gpt-4.1	1.9	0.0	0	0	0.0	0.0	0.0	2548	2372	176	0.006152	0.004744	0.001408
2025-07-05 15:18:31	1	gpt-4.1-mini	1.3	0.3	24	4	1.0	1.0	1.0	1936	1823	113	0.00091	0.000729	0.000181
2025-07-05 15:18:32	2	gpt-4.1-mini	1.2	0.1	5	4	1.0	1.0	1.0	1839	1732	107	0.000864	0.000693	0.000171
2025-07-05 15:19:01	3	gpt-4.1-mini	1.1	27.4	5	3	1.0	1.0	1.0	2087	2016	71	0.00092	0.000806	0.000114
2025-07-05 15:19:08	4	gpt-4.1-mini	2.5	4.6	15	4	1.0	1.0	1.0	2641	2344	297	0.001413	0.000938	0.000475
2025-07-05 15:19:10	5	gpt-4.1-mini	1.6	1.2	648	3	1.0	0.5	0.0	2549	2364	185	0.001242	0.000946	0.000296
2025-07-05 15:19:13	6	gpt-4.1-mini	2.2	0.1	10	3	1.0	1.0	1.0	2052	1903	149	0.001	0.000761	0.000238
2025-07-05 15:19:14	7	gpt-4.1-mini	1.1	0.1	7	3	1.0	1.0	1.0	1831	1761	70	0.000816	0.000704	0.000112
2025-07-05 15:19:15	8	gpt-4.1-mini	1.4	0.2	3	4	1.0	1.0	1.0	1999	1881	118	0.000941	0.000752	0.000189
2025-07-05 15:19:18	9	gpt-4.1-mini	2.3	0.1	6	3	1.0	1.0	1.0	2059	1922	137	0.000988	0.000769	0.000219
2025-07-05 15:19:21	10	gpt-4.1-mini	1.3	1.1	255868	4	1.0	0.75	0.0	1954	1842	112	0.000916	0.000737	0.000179
2025-07-05 15:19:26	11	gpt-4.1-mini	1.2	3.3	15	2	1.0	1.0	1.0	2095	2034	61	0.000911	0.000814	9.8e-05
2025-07-05 15:19:27	12	gpt-4.1-mini	1.0	0.1	3	2	1.0	1.0	1.0	1799	1734	65	0.000798	0.000694	0.000104
2025-07-05 15:19:37	13	gpt-4.1-mini	1.6	1.6	758246	4	1.0	1.0	1.0	2041	1846	195	0.00105	0.000738	0.000312
2025-07-05 15:19:39	14	gpt-4.1-mini	2.1	0.1	12	3	1.0	1.0	1.0	2044	1909	135	0.00098	0.000764	0.000216
2025-07-05 15:19:42	15	gpt-4.1-mini	2.6	0.1	4	13	1.0	1.0	1.0	2089	1738	351	0.001257	0.000695	0.000562
2025-07-05 15:19:45	16	gpt-4.1-mini	2.7	0.6	20	6	1.0	0.83	0.0	2284	1923	361	0.001347	0.000769	0.000578
2025-07-05 15:19:47	17	gpt-4.1-mini	2.3	0.2	24	6	1.0	0.67	0.0	2219	1966	253	0.001191	0.000786	0.000405
2025-07-05 15:19:50	18	gpt-4.1-mini	1.7	0.7	175	6	1.0	1.0	1.0	2119	1933	186	0.001071	0.000773	0.000298
2025-07-05 15:19:52	19	gpt-4.1-mini	2.3	0.0	0	0	0.0	0.0	0.0	2682	2383	299	0.001432	0.000953	0.000478
2025-07-05 15:19:54	20	gpt-4.1-mini	1.6	0.0	0	0	0.0	0.0	0.0	2546	2372	174	0.001227	0.000949	0.000278
2025-07-05 15:19:56	1	Llama-3.3-70B-Instruct	2.1	0.2	24	4	1.0	1.0	1.0	1959	1830	129	0.011238	0.01098	0.000258
2025-07-05 15:19:58	2	Llama-3.3-70B-Instruct	2.0	0.0	5	4	1.0	1.0	1.0	1859	1745	114	0.010698	0.01047	0.000228
2025-07-05 15:20:28	3	Llama-3.3-70B-Instruct	1.8	28.4	5	3	1.0	1.0	1.0	2101	2022	79	0.01229	0.012132	0.000158
2025-07-05 15:20:34	4	Llama-3.3-70B-Instruct	5.1	0.0	0	4	0.0	1.0	0.0	2534	2343	191	0.01444	0.014058	0.000382
2025-07-05 15:20:42	5	Llama-3.3-70B-Instruct	7.1	1.1	648	4	1.0	0.75	0.0	2573	2360	213	0.014586	0.01416	0.000426
2025-07-05 15:20:45	6	Llama-3.3-70B-Instruct	3.5	0.1	10	3	1.0	1.0	1.0	2067	1913	154	0.011786	0.011478	0.000308
2025-07-05 15:20:48	7	Llama-3.3-70B-Instruct	2.1	0.1	7	3	1.0	0.67	0.0	1864	1770	94	0.010808	0.01062	0.000188
2025-07-05 15:20:51	8	Llama-3.3-70B-Instruct	3.1	0.2	3	4	1.0	1.0	1.0	2013	1888	125	0.011578	0.011328	0.00025
2025-07-05 15:20:54	9	Llama-3.3-70B-Instruct	3.1	0.1	6	3	1.0	1.0	1.0	2083	1930	153	0.011886	0.01158	0.000306
2025-07-05 15:21:02	10	Llama-3.3-70B-Instruct	4.7	1.3	255868	4	1.0	1.0	1.0	1952	1849	103	0.0113	0.011094	0.000206
2025-07-05 15:21:30	11	Llama-3.3-70B-Instruct	1.7	26.7	15	3	1.0	0.0	0.0	2120	2040	80	0.0124	0.01224	0.00016
2025-07-05 15:21:32	12	Llama-3.3-70B-Instruct	1.6	0.1	3	2	1.0	1.0	1.0	1823	1743	80	0.010618	0.010458	0.00016
2025-07-05 15:21:48	13	Llama-3.3-70B-Instruct	7.9	1.9	758246	4	1.0	1.0	1.0	2077	1852	225	0.011562	0.011112	0.00045
2025-07-05 15:21:51	14	Llama-3.3-70B-Instruct	2.5	0.1	12	3	1.0	1.0	1.0	2063	1916	147	0.01179	0.011496	0.000294
2025-07-05 15:21:59	15	Llama-3.3-70B-Instruct	8.1	0.1	4	13	1.0	1.0	1.0	2151	1748	403	0.011294	0.010488	0.000806
2025-07-05 15:22:05	16	Llama-3.3-70B-Instruct	5.8	0.0	0	0	0.0	0.0	0.0	2333	1930	403	0.012386	0.01158	0.000806
2025-07-05 15:22:10	17	Llama-3.3-70B-Instruct	5.3	0.2	24	6	1.0	0.67	0.0	2246	1973	273	0.012384	0.011838	0.000546
2025-07-05 15:22:14	18	Llama-3.3-70B-Instruct	3.0	0.5	175	5	1.0	0.67	0.0	2117	1940	177	0.011994	0.01164	0.000354
2025-07-05 15:22:25	19	Llama-3.3-70B-Instruct	11.1	0.0	0	0	0.0	0.0	0.0	2610	2379	231	0.014736	0.014274	0.000462
2025-07-05 15:22:28	20	Llama-3.3-70B-Instruct	3.4	0.0	0	0	0.0	0.0	0.0	2575	2370	205	0.01463	0.01422	0.00041
2025-07-05 15:22:30	1	Llama-4-Maverick-17B-128E-Instruct-FP8	1.6	0.3	24	4	1.0	1.0	1.0	1949	1820	129	0.000301	0.000237	6.4e-05
2025-07-05 15:22:31	2	Llama-4-Maverick-17B-128E-Instruct-FP8	1.3	0.0	5	4	1.0	1.0	1.0	1836	1729	107	0.000278	0.000225	5.3e-05
2025-07-05 15:23:02	3	Llama-4-Maverick-17B-128E-Instruct-FP8	1.3	29.0	5	3	1.0	1.0	1.0	2092	2011	81	0.000302	0.000261	4e-05
2025-07-05 15:23:09	4	Llama-4-Maverick-17B-128E-Instruct-FP8	2.3	5.3	15	4	1.0	1.0	1.0	2559	2339	220	0.000414	0.000304	0.00011
2025-07-05 15:23:13	5	Llama-4-Maverick-17B-128E-Instruct-FP8	2.4	1.4	648	4	1.0	0.75	0.0	2587	2360	227	0.00042	0.000307	0.000113
2025-07-05 15:23:15	6	Llama-4-Maverick-17B-128E-Instruct-FP8	1.8	0.1	10	3	1.0	0.67	0.0	2068	1900	168	0.000331	0.000247	8.4e-05
2025-07-05 15:23:16	7	Llama-4-Maverick-17B-128E-Instruct-FP8	1.2	0.1	7	3	1.0	0.67	0.0	1842	1758	84	0.000271	0.000229	4.2e-05
2025-07-05 15:23:18	8	Llama-4-Maverick-17B-128E-Instruct-FP8	1.4	0.2	3	4	1.0	1.0	1.0	1997	1878	119	0.000304	0.000244	5.9e-05
2025-07-05 15:23:20	9	Llama-4-Maverick-17B-128E-Instruct-FP8	1.6	0.1	6	3	1.0	1.0	1.0	2065	1918	147	0.000323	0.000249	7.3e-05
2025-07-05 15:23:24	10	Llama-4-Maverick-17B-128E-Instruct-FP8	1.3	1.3	255868	4	1.0	1.0	1.0	1951	1839	112	0.000295	0.000239	5.6e-05
2025-07-05 15:23:28	11	Llama-4-Maverick-17B-128E-Instruct-FP8	1.1	3.2	15	2	1.0	1.0	1.0	2095	2029	66	0.000297	0.000264	3.3e-05
2025-07-05 15:23:30	12	Llama-4-Maverick-17B-128E-Instruct-FP8	1.0	0.1	3	2	1.0	1.0	1.0	1799	1731	68	0.000259	0.000225	3.4e-05
2025-07-05 15:23:40	13	Llama-4-Maverick-17B-128E-Instruct-FP8	2.1	2.0	758246	4	1.0	1.0	1.0	2058	1843	215	0.000347	0.00024	0.000107
2025-07-05 15:23:42	14	Llama-4-Maverick-17B-128E-Instruct-FP8	1.6	0.1	12	3	1.0	1.0	1.0	2048	1906	142	0.000319	0.000248	7.1e-05
2025-07-05 15:23:46	15	Llama-4-Maverick-17B-128E-Instruct-FP8	3.8	0.1	4	13	1.0	1.0	1.0	2136	1735	401	0.000426	0.000226	0.0002
2025-07-05 15:23:57	16	Llama-4-Maverick-17B-128E-Instruct-FP8	11.3	0.6	20	6	1.0	1.0	0.95	2205	1920	285	0.000392	0.00025	0.000142
2025-07-05 15:24:00	17	Llama-4-Maverick-17B-128E-Instruct-FP8	2.4	0.2	24	5	1.0	0.67	0.0	2219	1962	257	0.000384	0.000255	0.000129
2025-07-05 15:24:03	18	Llama-4-Maverick-17B-128E-Instruct-FP8	2.0	0.5	175	5	1.0	0.67	0.0	2115	1930	185	0.000343	0.000251	9.2e-05
2025-07-05 15:24:47	19	Llama-4-Maverick-17B-128E-Instruct-FP8	38.3	5.9	105	5	0.97	0.71	0.0	2608	2377	231	0.000425	0.000309	0.000115
2025-07-05 15:24:52	20	Llama-4-Maverick-17B-128E-Instruct-FP8	2.0	2.6	4050	5	1.0	0.6	0.0	2562	2367	195	0.000405	0.000308	9.7e-05
2025-07-05 15:24:56	1	Llama-4-Scout-17B-16E-Instruct	4.4	0.2	24	4	1.0	1.0	1.0	1948	1820	128	0.000464	0.000364	0.0001
2025-07-05 15:24:58	2	Llama-4-Scout-17B-16E-Instruct	1.9	0.0	5	4	1.0	1.0	1.0	1832	1729	103	0.000426	0.000346	8e-05
2025-07-05 15:25:33	3	Llama-4-Scout-17B-16E-Instruct	1.6	33.1	5	3	1.0	1.0	1.0	2082	2011	71	0.000458	0.000402	5.5e-05
2025-07-05 15:44:32	4	Llama-4-Scout-17B-16E-Instruct	1131.0	7.6	20	4	0.0	1.0	0.33	2554	2339	215	0.000635	0.000468	0.000168
2025-07-05 15:44:36	5	Llama-4-Scout-17B-16E-Instruct	2.6	1.5	942	4	0.0	0.25	0.0	2572	2360	212	0.000637	0.000472	0.000165
2025-07-05 15:44:38	6	Llama-4-Scout-17B-16E-Instruct	2.2	0.1	10	3	1.0	0.67	0.0	2083	1900	183	0.000523	0.00038	0.000143
2025-07-05 15:44:39	7	Llama-4-Scout-17B-16E-Instruct	1.3	0.1	7	3	1.0	0.67	0.0	1846	1758	88	0.00042	0.000352	6.9e-05
2025-07-05 15:44:41	8	Llama-4-Scout-17B-16E-Instruct	1.7	0.2	3	4	1.0	1.0	1.0	2005	1878	127	0.000475	0.000376	9.9e-05
2025-07-05 15:44:43	9	Llama-4-Scout-17B-16E-Instruct	1.9	0.1	6	3	1.0	1.0	1.0	2079	1918	161	0.000509	0.000384	0.000126
2025-07-05 15:44:48	10	Llama-4-Scout-17B-16E-Instruct	1.7	1.2	255868	4	1.0	1.0	1.0	1968	1839	129	0.000468	0.000368	0.000101
2025-07-05 15:44:53	11	Llama-4-Scout-17B-16E-Instruct	1.1	3.6	15	2	1.0	1.0	1.0	2090	2029	61	0.000453	0.000406	4.8e-05
2025-07-05 15:44:54	12	Llama-4-Scout-17B-16E-Instruct	1.2	0.1	3	2	1.0	1.0	1.0	1808	1731	77	0.000406	0.000346	6e-05
2025-07-05 15:45:04	13	Llama-4-Scout-17B-16E-Instruct	2.4	1.5	758246	4	1.0	1.0	1.0	2056	1843	213	0.000535	0.000369	0.000166
2025-07-05 15:45:06	14	Llama-4-Scout-17B-16E-Instruct	2.2	0.1	12	3	1.0	1.0	1.0	2078	1906	172	0.000515	0.000381	0.000134
2025-07-05 15:45:10	15	Llama-4-Scout-17B-16E-Instruct	3.8	0.1	4	13	1.0	1.0	1.0	2119	1735	384	0.000647	0.000347	0.0003
2025-07-05 15:45:15	16	Llama-4-Scout-17B-16E-Instruct	3.8	0.6	20	6	1.0	0.67	0.0	2298	1920	378	0.000679	0.000384	0.000295
2025-07-05 15:45:19	17	Llama-4-Scout-17B-16E-Instruct	3.7	0.2	24	5	1.0	0.67	0.0	2291	1962	329	0.000649	0.000392	0.000257
2025-07-05 15:45:23	18	Llama-4-Scout-17B-16E-Instruct	3.7	0.6	175	5	1.0	0.67	0.0	2293	1930	363	0.000669	0.000386	0.000283
2025-07-05 15:45:33	19	Llama-4-Scout-17B-16E-Instruct	2.9	6.8	1000	7	0.0	1.0	0.03	2644	2377	267	0.000684	0.000475	0.000208
2025-07-05 15:45:35	20	Llama-4-Scout-17B-16E-Instruct	2.5	0.0	0	0	0.0	0.0	0.0	2588	2367	221	0.000646	0.000473	0.000172
2025-07-05 15:45:40	1	Mistral-Large-2411	4.0	0.4	24	4	1.0	1.0	1.0	2582	2405	177	0.001833	0.001708	0.000126
2025-07-05 15:45:43	2	Mistral-Large-2411	3.5	0.0	5	4	1.0	1.0	1.0	2441	2290	151	0.001733	0.001626	0.000107
2025-07-05 15:46:21	3	Mistral-Large-2411	2.6	34.9	5	3	1.0	1.0	1.0	2753	2653	100	0.001955	0.001884	7.1e-05
2025-07-05 15:46:33	4	Mistral-Large-2411	6.7	6.1	15	4	1.0	1.0	1.0	3411	3081	330	0.002422	0.002188	0.000234
2025-07-05 15:46:41	5	Mistral-Large-2411	5.9	1.7	648	4	1.0	0.75	0.0	3378	3096	282	0.002398	0.002198	0.0002
2025-07-05 15:46:45	6	Mistral-Large-2411	4.3	0.1	10	3	1.0	0.67	0.0	2698	2503	195	0.001916	0.001777	0.000138
2025-07-05 15:46:49	7	Mistral-Large-2411	3.1	0.1	7	3	1.0	0.67	0.0	2448	2318	130	0.001738	0.001646	9.2e-05
2025-07-05 15:46:52	8	Mistral-Large-2411	3.6	0.2	3	4	1.0	1.0	1.0	2636	2479	157	0.001872	0.00176	0.000111
2025-07-05 15:46:57	9	Mistral-Large-2411	4.6	0.1	6	3	1.0	1.0	1.0	2747	2535	212	0.00195	0.0018	0.000151
2025-07-05 15:47:04	10	Mistral-Large-2411	3.3	1.9	255868	4	1.0	1.0	1.0	2562	2423	139	0.001819	0.00172	9.9e-05
2025-07-05 15:47:10	11	Mistral-Large-2411	2.1	3.4	15	2	1.0	1.0	1.0	2754	2673	81	0.001955	0.001898	5.8e-05
2025-07-05 15:47:12	12	Mistral-Large-2411	2.3	0.1	3	2	1.0	1.0	1.0	2385	2289	96	0.001693	0.001625	6.8e-05
2025-07-05 15:47:29	13	Mistral-Large-2411	6.6	4.4	758246	4	1.0	1.0	1.0	2770	2434	336	0.001967	0.001728	0.000239
2025-07-05 15:47:33	14	Mistral-Large-2411	4.2	0.1	12	3	1.0	1.0	1.0	2728	2525	203	0.001937	0.001793	0.000144
2025-07-05 15:47:43	15	Mistral-Large-2411	9.9	0.1	4	13	1.0	1.0	1.0	2805	2295	510	0.001992	0.001629	0.000362
2025-07-05 15:47:52	16	Mistral-Large-2411	8.7	0.0	0	0	0.0	0.0	0.0	2970	2530	440	0.002109	0.001796	0.000312
2025-07-05 15:48:00	17	Mistral-Large-2411	7.7	0.2	24	6	1.0	0.67	0.0	2970	2587	383	0.002109	0.001837	0.000272
2025-07-05 15:48:06	18	Mistral-Large-2411	5.7	0.5	175	6	1.0	1.0	0.93	2821	2547	274	0.002003	0.001808	0.000195
2025-07-05 15:48:20	19	Mistral-Large-2411	7.2	6.5	108	7	1.0	1.0	1.0	3480	3125	355	0.002471	0.002219	0.000252
2025-07-05 15:48:21	20	Mistral-Large-2411	0.9	0.0	0	0	0.0	0.0	0.0	3118	3112	6	0.002214	0.00221	4e-06
2025-07-05 16:15:59	1	claude-3-5-sonnet-20241022	3.4	0.2	24	4	1.0	1.0	1.0	2413	2255	158	0.009135	0.006765	0.00237
2025-07-05 16:16:02	2	claude-3-5-sonnet-20241022	3.1	0.0	5	4	1.0	1.0	1.0	2279	2144	135	0.008457	0.006432	0.002025
2025-07-05 16:16:24	3	claude-3-5-sonnet-20241022	2.1	20.5	5	3	1.0	1.0	1.0	2591	2493	98	0.008949	0.007479	0.00147
2025-07-05 16:16:32	4	claude-3-5-sonnet-20241022	4.1	3.5	15	4	1.0	1.0	1.0	3176	2885	291	0.01302	0.008655	0.004365
2025-07-05 16:16:37	5	claude-3-5-sonnet-20241022	4.0	0.7	648	4	1.0	0.75	0.0	3169	2907	262	0.012651	0.008721	0.00393
2025-07-05 16:16:40	6	claude-3-5-sonnet-20241022	3.1	0.1	10	3	1.0	1.0	1.0	2539	2346	193	0.009933	0.007038	0.002895
2025-07-05 16:16:43	7	claude-3-5-sonnet-20241022	2.4	0.1	7	3	1.0	1.0	1.0	2281	2177	104	0.008091	0.006531	0.00156
2025-07-05 16:16:47	8	claude-3-5-sonnet-20241022	3.9	0.1	3	4	1.0	1.0	1.0	2468	2322	146	0.009156	0.006966	0.00219
2025-07-05 16:16:51	9	claude-3-5-sonnet-20241022	3.9	0.1	6	3	1.0	1.0	1.0	2558	2371	187	0.009918	0.007113	0.002805
2025-07-05 16:16:57	10	claude-3-5-sonnet-20241022	3.5	0.7	255868	4	1.0	1.0	1.0	2403	2272	131	0.008781	0.006816	0.001965
2025-07-05 16:17:37	11	claude-3-5-sonnet-20241022	3.1	37.1	15	4	1.0	0.0	0.0	2627	2512	115	0.009261	0.007536	0.001725
2025-07-05 16:17:40	12	claude-3-5-sonnet-20241022	2.5	0.3	3	2	1.0	1.0	1.0	2239	2148	91	0.007809	0.006444	0.001365
2025-07-05 16:17:51	13	claude-3-5-sonnet-20241022	4.6	0.7	758246	4	1.0	1.0	1.0	2524	2278	246	0.010524	0.006834	0.00369
2025-07-05 16:17:55	14	claude-3-5-sonnet-20241022	4.0	0.1	12	3	1.0	1.0	1.0	2564	2360	204	0.01014	0.00708	0.00306
2025-07-05 16:18:01	15	claude-3-5-sonnet-20241022	5.8	0.1	4	13	1.0	1.0	1.0	2591	2153	438	0.013029	0.006459	0.00657
2025-07-05 16:18:08	16	claude-3-5-sonnet-20241022	7.0	0.4	20	6	1.0	1.0	1.0	2783	2371	412	0.013293	0.007113	0.00618
2025-07-05 16:18:13	17	claude-3-5-sonnet-20241022	4.6	0.2	24	6	1.0	0.83	0.0	2741	2419	322	0.012087	0.007257	0.00483
2025-07-05 16:18:18	18	claude-3-5-sonnet-20241022	4.1	0.6	175	6	1.0	1.0	1.0	2652	2386	266	0.011148	0.007158	0.00399
2025-07-05 16:18:28	19	claude-3-5-sonnet-20241022	7.2	3.3	107	7	0.99	1.0	0.99	3293	2926	367	0.014283	0.008778	0.005505
2025-07-05 16:18:34	20	claude-3-5-sonnet-20241022	4.6	1.0	4050	5	1.0	1.0	1.0	3150	2914	236	0.012282	0.008742	0.00354
2025-07-05 16:18:37	1	claude-3-5-haiku-20241022	3.3	0.2	10	4	0.42	1.0	0.42	2418	2255	163	0.002456	0.001804	0.000652
2025-07-05 16:18:40	2	claude-3-5-haiku-20241022	3.0	0.2	5	4	1.0	1.0	1.0	2287	2144	143	0.002287	0.001715	0.000572
2025-07-05 16:19:04	3	claude-3-5-haiku-20241022	2.9	21.1	5	3	1.0	1.0	1.0	2592	2493	99	0.00239	0.001994	0.000396
2025-07-05 16:19:13	4	claude-3-5-haiku-20241022	5.8	2.7	15	4	1.0	1.0	1.0	3235	2885	350	0.003708	0.002308	0.0014
2025-07-05 16:19:18	5	claude-3-5-haiku-20241022	4.4	0.6	648	4	1.0	1.0	1.0	3159	2907	252	0.003334	0.002326	0.001008
2025-07-05 16:19:23	6	claude-3-5-haiku-20241022	4.8	0.1	10	3	1.0	1.0	1.0	2543	2346	197	0.002665	0.001877	0.000788
2025-07-05 16:19:26	7	claude-3-5-haiku-20241022	2.9	0.1	7	3	1.0	0.67	0.0	2273	2177	96	0.002126	0.001742	0.000384
2025-07-05 16:19:30	8	claude-3-5-haiku-20241022	3.7	0.2	3	4	1.0	1.0	1.0	2471	2322	149	0.002454	0.001858	0.000596
2025-07-05 16:19:34	9	claude-3-5-haiku-20241022	3.9	0.1	6	3	1.0	1.0	1.0	2549	2371	178	0.002609	0.001897	0.000712
2025-07-05 16:19:39	10	claude-3-5-haiku-20241022	3.1	0.9	100	4	0.0	1.0	0.0	2411	2272	139	0.002374	0.001818	0.000556
2025-07-05 16:19:44	11	claude-3-5-haiku-20241022	2.8	2.7	15	2	1.0	1.0	1.0	2591	2512	79	0.002326	0.00201	0.000316
2025-07-05 16:19:47	12	claude-3-5-haiku-20241022	3.1	0.1	3	2	1.0	1.0	1.0	2224	2148	76	0.002022	0.001718	0.000304
2025-07-05 16:19:59	13	claude-3-5-haiku-20241022	4.0	1.3	758246	4	1.0	1.0	1.0	2500	2278	222	0.00271	0.001822	0.000888
2025-07-05 16:20:05	14	claude-3-5-haiku-20241022	5.4	0.2	12	3	1.0	1.0	1.0	2528	2360	168	0.00256	0.001888	0.000672
2025-07-05 16:20:12	15	claude-3-5-haiku-20241022	7.4	0.0	4	13	1.0	1.0	1.0	2652	2153	499	0.003718	0.001722	0.001996
2025-07-05 16:20:19	16	claude-3-5-haiku-20241022	6.8	0.4	20	6	1.0	1.0	1.0	2826	2371	455	0.003717	0.001897	0.00182
2025-07-05 16:20:28	17	claude-3-5-haiku-20241022	8.4	0.2	6	10	0.25	0.83	0.0	2975	2419	556	0.004159	0.001935	0.002224
2025-07-05 16:20:38	18	claude-3-5-haiku-20241022	10.0	0.5	175	5	1.0	0.67	0.0	2672	2386	286	0.003053	0.001909	0.001144
2025-07-05 16:20:49	19	claude-3-5-haiku-20241022	6.3	3.9	108	6	1.0	0.86	0.0	3256	2926	330	0.003661	0.002341	0.00132
2025-07-05 16:20:58	20	claude-3-5-haiku-20241022	7.1	1.9	4050	5	1.0	1.0	1.0	3176	2914	262	0.003379	0.002331	0.001048
2025-07-05 16:21:01	1	claude-3-7-sonnet-20250219	2.7	0.2	24	4	1.0	1.0	1.0	2413	2255	158	0.009135	0.006765	0.00237
2025-07-05 16:21:04	2	claude-3-7-sonnet-20250219	2.7	0.1	5	4	1.0	1.0	1.0	2278	2144	134	0.008442	0.006432	0.00201
2025-07-05 16:21:31	3	claude-3-7-sonnet-20250219	3.0	24.1	5	3	1.0	1.0	1.0	2590	2493	97	0.008934	0.007479	0.001455
2025-07-05 16:21:39	4	claude-3-7-sonnet-20250219	4.8	3.2	15	4	1.0	1.0	1.0	3139	2885	254	0.012465	0.008655	0.00381
2025-07-05 16:21:44	5	claude-3-7-sonnet-20250219	4.4	0.7	648	4	1.0	0.75	0.0	3195	2907	288	0.013041	0.008721	0.00432
2025-07-05 16:21:47	6	claude-3-7-sonnet-20250219	3.2	0.1	10	3	1.0	1.0	1.0	2540	2346	194	0.009948	0.007038	0.00291
2025-07-05 16:21:49	7	claude-3-7-sonnet-20250219	2.0	0.1	7	3	1.0	1.0	1.0	2282	2177	105	0.008106	0.006531	0.001575
2025-07-05 16:21:53	8	claude-3-7-sonnet-20250219	3.3	0.2	3	4	1.0	1.0	1.0	2479	2322	157	0.009321	0.006966	0.002355
2025-07-05 16:21:58	9	claude-3-7-sonnet-20250219	4.7	0.2	42220	9	0.0	0.33	0.0	2649	2371	278	0.011283	0.007113	0.00417
2025-07-05 16:22:05	10	claude-3-7-sonnet-20250219	4.3	1.1	255868	4	1.0	1.0	1.0	2402	2272	130	0.008766	0.006816	0.00195
2025-07-05 16:23:04	11	claude-3-7-sonnet-20250219	2.8	56.3	15	4	1.0	0.0	0.0	2627	2512	115	0.009261	0.007536	0.001725
2025-07-05 16:23:07	12	claude-3-7-sonnet-20250219	3.2	0.2	3	2	1.0	1.0	1.0	2225	2148	77	0.007599	0.006444	0.001155
2025-07-05 16:23:21	13	claude-3-7-sonnet-20250219	5.0	2.2	758246	4	1.0	1.0	1.0	2552	2278	274	0.010944	0.006834	0.00411
2025-07-05 16:23:25	14	claude-3-7-sonnet-20250219	3.8	0.2	60	5	0.0	0.67	0.0	2566	2360	206	0.01017	0.00708	0.00309
2025-07-05 16:23:32	15	claude-3-7-sonnet-20250219	7.0	0.1	4	14	1.0	1.0	1.0	2637	2153	484	0.013719	0.006459	0.00726
2025-07-05 16:23:38	16	claude-3-7-sonnet-20250219	6.3	0.0	0	0	0.0	0.0	0.0	2721	2371	350	0.012363	0.007113	0.00525
2025-07-05 16:23:44	17	claude-3-7-sonnet-20250219	5.5	0.2	24	6	1.0	0.83	0.0	2769	2419	350	0.012507	0.007257	0.00525
2025-07-05 16:23:51	18	claude-3-7-sonnet-20250219	6.8	0.5	175	6	1.0	0.83	0.0	2635	2386	249	0.010893	0.007158	0.003735
2025-07-05 16:24:02	19	claude-3-7-sonnet-20250219	5.3	4.8	107	7	0.99	1.0	0.99	3219	2926	293	0.013173	0.008778	0.004395
2025-07-05 16:24:07	20	claude-3-7-sonnet-20250219	4.5	1.0	4050	5	1.0	1.0	1.0	3136	2914	222	0.012072	0.008742	0.00333
2025-07-05 16:24:11	1	claude-sonnet-4-20250514	4.0	0.2	24	4	1.0	1.0	1.0	2421	2255	166	0.009255	0.006765	0.00249
2025-07-05 16:24:15	2	claude-sonnet-4-20250514	3.7	0.1	5	4	1.0	1.0	1.0	2279	2144	135	0.008457	0.006432	0.002025
2025-07-05 16:24:45	3	claude-sonnet-4-20250514	3.0	26.7	5	3	1.0	1.0	1.0	2590	2493	97	0.008934	0.007479	0.001455
2025-07-05 16:24:54	4	claude-sonnet-4-20250514	4.9	3.8	15	4	1.0	1.0	1.0	3172	2885	287	0.01296	0.008655	0.004305
2025-07-05 16:25:00	5	claude-sonnet-4-20250514	5.1	1.0	648	4	1.0	0.5	0.0	3170	2907	263	0.012666	0.008721	0.003945
2025-07-05 16:25:04	6	claude-sonnet-4-20250514	4.2	0.1	10	3	1.0	1.0	1.0	2541	2346	195	0.009963	0.007038	0.002925
2025-07-05 16:25:08	7	claude-sonnet-4-20250514	3.5	0.1	7	3	1.0	1.0	1.0	2298	2177	121	0.008346	0.006531	0.001815
2025-07-05 16:25:11	8	claude-sonnet-4-20250514	3.4	0.2	3	4	1.0	1.0	1.0	2468	2322	146	0.009156	0.006966	0.00219
2025-07-05 16:25:16	9	claude-sonnet-4-20250514	4.9	0.1	6	3	1.0	1.0	1.0	2557	2371	186	0.009903	0.007113	0.00279
2025-07-05 16:25:24	10	claude-sonnet-4-20250514	4.6	1.2	255868	4	1.0	1.0	1.0	2402	2272	130	0.008766	0.006816	0.00195
2025-07-05 16:25:29	11	claude-sonnet-4-20250514	2.5	2.9	15	2	1.0	1.0	1.0	2589	2512	77	0.008691	0.007536	0.001155
2025-07-05 16:25:32	12	claude-sonnet-4-20250514	3.2	0.1	3	2	1.0	1.0	1.0	2240	2148	92	0.007824	0.006444	0.00138
2025-07-05 16:25:42	13	claude-sonnet-4-20250514	5.4	1.5	758246	4	1.0	1.0	1.0	2550	2278	272	0.010914	0.006834	0.00408
2025-07-05 16:25:47	14	claude-sonnet-4-20250514	4.6	0.1	12	5	1.0	1.0	0.08	2583	2360	223	0.010425	0.00708	0.003345
2025-07-05 16:25:56	15	claude-sonnet-4-20250514	9.3	0.1	4	13	1.0	1.0	1.0	2634	2153	481	0.013674	0.006459	0.007215
2025-07-05 16:26:03	16	claude-sonnet-4-20250514	5.0	1.0	20	6	1.0	1.0	1.0	2729	2371	358	0.012483	0.007113	0.00537
2025-07-05 16:26:08	17	claude-sonnet-4-20250514	5.2	0.3	24	6	1.0	0.67	0.0	2753	2419	334	0.012267	0.007257	0.00501
2025-07-05 16:26:13	18	claude-sonnet-4-20250514	4.8	0.5	175	6	1.0	1.0	1.0	2634	2386	248	0.010878	0.007158	0.00372
2025-07-05 16:26:29	19	claude-sonnet-4-20250514	7.7	8.2	105	7	0.97	1.0	0.96	3327	2926	401	0.014793	0.008778	0.006015
2025-07-05 16:26:36	20	claude-sonnet-4-20250514	4.7	1.9	4050	5	1.0	1.0	1.0	3155	2914	241	0.012357	0.008742	0.003615
